{
  "valid_pr_auc": 0.02790306109607822,
  "valid_pr_curve_auc": 0.02735643859631389
}